county_name,FIPS,state,threshold,total_events,total_loss_property_damage,total_loss_crop_damage,total_loss_injuries,total_loss_fatalities,number_of_compound_events,frequency_count_Percentiles_precip,frequency_count_Percentiles_discharge,frequency_count_Percentiles_soil_moisture,frequency_count_surge_percentiles,frequency_count_waveHs_percentiles,compound_loss_property_damage,compound_loss_crop_damage,compound_loss_injuries,compound_loss_fatalities,percentage_CE,loss_percentage_compound_property_damage,loss_percentage_compound_crop_damage,loss_percentage_compound_injuries,loss_percentage_compound_fatalities,number_of_compound_events_sum,percentage_contribution_precip,percentage_contribution_discharge,percentage_contribution_moisture,percentage_contribution_surge,percentage_contribution_waveHs
Accomack_County,51001,VA,0.9,23.0,46340306.84,10449777.48,0.0,1.0,21.0,19.0,16.0,19.0,15.0,15.0,46330630.14,10449777.48,0.0,1.0,91.3,99.98,100.0,0.0,100.0,21.0,90.48,76.19,90.48,71.43,71.43
Alexandria_city,51510,VA,0.9,17.0,7313066.25,1849992.47,0.41,0.12,15.0,14.0,12.0,13.0,7.0,7.0,7258304.95,1849992.47,0.41,0.12,88.24,99.25,100.0,100.0,100.0,15.0,93.33,80.0,86.67,46.67,46.67
Anne_Arundel_County,24003,MD,0.9,37.0,13150541.29,0.0,0.11,2.0,31.0,30.0,30.0,29.0,4.0,5.0,12984175.46,0.0,0.11,2.0,83.78,98.73,0.0,100.0,100.0,31.0,96.77,96.77,93.55,12.9,16.13
Aransas_County,48007,TX,0.9,20.0,214361550.56,21383.83,0.0,0.0,15.0,14.0,12.0,13.0,3.0,3.0,213737853.27,14455.3,0.0,0.0,75.0,99.71,67.6,0.0,0.0,15.0,93.33,80.0,86.67,20.0,20.0
Arlington_County,51013,VA,0.9,19.0,10620225.88,1849992.47,1.0,1.0,17.0,15.0,15.0,14.0,13.0,14.0,10517021.08,1849992.47,0.0,0.0,89.47,99.03,100.0,0.0,0.0,17.0,88.24,88.24,82.35,76.47,82.35
Atlantic_County,34001,NJ,0.9,28.0,596223232.14,0.0,16.67,1.0,25.0,23.0,17.0,18.0,18.0,18.0,596206300.87,0.0,16.67,0.0,89.29,100.0,0.0,100.0,0.0,25.0,92.0,68.0,72.0,72.0,72.0
Baldwin_County,1003,AL,0.9,48.0,50854488.81,5675480.01,7.89,3.0,45.0,43.0,37.0,41.0,13.0,14.0,50820440.77,5675480.01,7.89,3.0,93.75,99.93,100.0,100.0,100.0,45.0,95.56,82.22,91.11,28.89,31.11
Baltimore_city,24510,MD,0.9,21.0,9798107.88,0.0,1.0,4.0,13.0,13.0,13.0,11.0,4.0,4.0,7188439.4,0.0,0.0,4.0,61.9,73.37,0.0,0.0,100.0,13.0,100.0,100.0,84.62,30.77,30.77
Baltimore_County,24005,MD,0.9,42.0,20442409.5,134.28,1.24,4.0,31.0,30.0,30.0,29.0,4.0,4.0,16342397.15,134.28,1.24,4.0,73.81,79.94,100.0,100.0,100.0,31.0,96.77,96.77,93.55,12.9,12.9
Barnstable_County,25001,MA,0.9,48.0,25544149.78,220625.53,0.07,0.0,32.0,29.0,23.0,24.0,24.0,23.0,25333182.44,220625.53,0.07,0.0,66.67,99.17,100.0,100.0,0.0,32.0,90.62,71.88,75.0,75.0,71.88
Bay_County,12005,FL,0.9,31.0,799268337.43,728616.97,0.0,6.0,29.0,29.0,29.0,29.0,15.0,15.0,799220638.91,728616.97,0.0,6.0,93.55,99.99,100.0,0.0,100.0,29.0,100.0,100.0,100.0,51.72,51.72
Beaufort_County,37013,NC,0.9,13.0,93163067.69,65780276.21,0.0,0.14,12.0,12.0,12.0,12.0,2.0,2.0,93156279.64,65780276.21,0.0,0.14,92.31,99.99,100.0,0.0,100.0,12.0,100.0,100.0,100.0,16.67,16.67
Beaufort_County,45013,SC,0.9,34.0,24415755.58,542797.38,0.07,0.0,23.0,22.0,21.0,22.0,4.0,4.0,24191920.1,542395.04,0.0,0.0,67.65,99.08,99.93,0.0,0.0,23.0,95.65,91.3,95.65,17.39,17.39
Bergen_County,34003,NJ,0.9,11.0,95518915.84,0.0,1.0,4.23,11.0,10.0,10.0,9.0,3.0,3.0,95518915.84,0.0,1.0,4.23,100.0,100.0,0.0,100.0,100.0,11.0,90.91,90.91,81.82,27.27,27.27
Bertie_County,37015,NC,0.9,11.0,10736837.6,1261383.67,0.0,1.14,11.0,10.0,9.0,10.0,2.0,2.0,10736837.6,1261383.67,0.0,1.14,100.0,100.0,100.0,0.0,100.0,11.0,90.91,81.82,90.91,18.18,18.18
Brazoria_County,48039,TX,0.9,67.0,3308047419.9,7764577.12,0.0,0.0,62.0,59.0,56.0,57.0,10.0,8.0,3307738907.33,7764577.12,0.0,0.0,92.54,99.99,100.0,0.0,0.0,62.0,95.16,90.32,91.94,16.13,12.9
Brevard_County,12009,FL,0.9,18.0,146055799.87,0.0,0.0,1.0,17.0,15.0,15.0,15.0,4.0,4.0,146008102.73,0.0,0.0,1.0,94.44,99.97,0.0,0.0,100.0,17.0,88.24,88.24,88.24,23.53,23.53
Bristol_County,25005,MA,0.9,76.0,65752278.58,220625.53,2.07,0.0,52.0,50.0,49.0,47.0,11.0,11.0,65152329.55,220625.53,2.07,0.0,68.42,99.09,100.0,100.0,0.0,52.0,96.15,94.23,90.38,21.15,21.15
Bristol_County,44001,RI,0.9,19.0,7784352.65,0.0,0.0,0.0,18.0,17.0,16.0,17.0,13.0,11.0,7773065.14,0.0,0.0,0.0,94.74,99.85,0.0,0.0,0.0,18.0,94.44,88.89,94.44,72.22,61.11
Bronx_County,36005,NY,0.9,8.0,24226387.74,5938.73,7.67,2.36,8.0,5.0,7.0,7.0,6.0,7.0,24226387.74,5938.73,7.67,2.36,100.0,100.0,100.0,100.0,100.0,8.0,62.5,87.5,87.5,75.0,87.5
Broward_County,12011,FL,0.9,26.0,98502214.06,38888727.72,0.0,0.0,26.0,26.0,24.0,22.0,3.0,3.0,98502214.06,38888727.72,0.0,0.0,100.0,100.0,100.0,0.0,0.0,26.0,100.0,92.31,84.62,11.54,11.54
Brunswick_County,37019,NC,0.9,33.0,8820130.25,201495.08,0.0,0.14,32.0,31.0,30.0,30.0,3.0,1.0,6779543.78,201495.08,0.0,0.14,96.97,76.86,100.0,0.0,100.0,32.0,96.88,93.75,93.75,9.38,3.12
Bryan_County,13029,GA,0.9,9.0,75892.21,10905.51,0.0,0.0,7.0,7.0,6.0,7.0,0.0,0.0,74900.8,0.0,0.0,0.0,77.78,98.69,0.0,0.0,0.0,7.0,100.0,85.71,100.0,0.0,0.0
Burlington_County,34005,NJ,0.9,23.0,161422352.55,20909.94,0.0,0.0,18.0,18.0,17.0,16.0,2.0,2.0,161206254.48,20909.94,0.0,0.0,78.26,99.87,100.0,0.0,0.0,18.0,100.0,94.44,88.89,11.11,11.11
Calhoun_County,48057,TX,0.9,15.0,42543409.14,134258.94,0.0,0.0,13.0,10.0,9.0,12.0,5.0,6.0,42483196.67,134258.94,0.0,0.0,86.67,99.86,100.0,0.0,0.0,13.0,76.92,69.23,92.31,38.46,46.15
Calvert_County,24009,MD,0.9,10.0,6403310.47,0.0,0.11,0.0,8.0,8.0,7.0,8.0,2.0,2.0,6396307.55,0.0,0.11,0.0,80.0,99.89,0.0,100.0,0.0,8.0,100.0,87.5,100.0,25.0,25.0
Camden_County,13039,GA,0.9,12.0,5849590.55,4300967.99,0.0,0.0,10.0,10.0,9.0,10.0,0.0,0.0,4922741.1,4300967.99,0.0,0.0,83.33,84.16,100.0,0.0,0.0,10.0,100.0,90.0,100.0,0.0,0.0
Camden_County,37029,NC,0.9,8.0,662216.8,200897.27,0.0,0.14,7.0,6.0,6.0,6.0,3.0,3.0,656198.43,200897.27,0.0,0.14,87.5,99.09,100.0,0.0,100.0,7.0,85.71,85.71,85.71,42.86,42.86
Camden_County,34007,NJ,0.9,24.0,41703644.32,20899.55,1.0,1.0,17.0,16.0,17.0,15.0,1.0,1.0,40162293.1,20899.55,0.0,0.0,70.83,96.3,100.0,0.0,0.0,17.0,94.12,100.0,88.24,5.88,5.88
Cameron_Parish,22023,LA,0.9,19.0,120785543.83,209807.71,3.13,0.11,19.0,16.0,14.0,16.0,7.0,7.0,120785543.83,209807.71,3.13,0.11,100.0,100.0,100.0,100.0,100.0,19.0,84.21,73.68,84.21,36.84,36.84
Cameron_County,48061,TX,0.9,49.0,369345021.91,106335188.48,0.0,1.0,46.0,45.0,45.0,41.0,1.0,1.0,368303484.3,106335188.48,0.0,1.0,93.88,99.72,100.0,0.0,100.0,46.0,97.83,97.83,89.13,2.17,2.17
Cape_May_County,34009,NJ,0.9,29.0,397040726.42,10.39,16.67,0.0,26.0,24.0,16.0,19.0,23.0,23.0,396871413.74,10.39,16.67,0.0,89.66,99.96,100.0,100.0,0.0,26.0,92.31,61.54,73.08,88.46,88.46
Caroline_County,24011,MD,0.9,11.0,13021699.98,1297568.21,1.0,0.0,9.0,9.0,8.0,9.0,2.0,2.0,7878754.57,12079.71,1.0,0.0,81.82,60.5,0.93,100.0,0.0,9.0,100.0,88.89,100.0,22.22,22.22
Carteret_County,37031,NC,0.9,13.0,57786748.29,201495.08,0.0,0.14,13.0,12.0,12.0,11.0,3.0,4.0,57786748.29,201495.08,0.0,0.14,100.0,100.0,100.0,0.0,100.0,13.0,92.31,92.31,84.62,23.08,30.77
Cecil_County,24015,MD,0.9,18.0,11687682.58,134.28,4.0,0.0,17.0,17.0,16.0,17.0,5.0,5.0,11686691.17,134.28,4.0,0.0,94.44,99.99,100.0,100.0,0.0,17.0,100.0,94.12,100.0,29.41,29.41
Chambers_County,48071,TX,0.9,42.0,374016214.16,15671.93,0.0,1.0,37.0,34.0,30.0,30.0,11.0,13.0,373602357.95,15671.93,0.0,1.0,88.1,99.89,100.0,0.0,100.0,37.0,91.89,81.08,81.08,29.73,35.14
Charles_City_County,51036,VA,0.9,4.0,123443.82,0.0,0.0,0.0,4.0,4.0,3.0,4.0,3.0,3.0,123443.82,0.0,0.0,0.0,100.0,100.0,0.0,0.0,0.0,4.0,100.0,75.0,100.0,75.0,75.0
Charleston_County,45019,SC,0.9,119.0,38013913.72,554727.87,3.07,1.0,94.0,93.0,92.0,91.0,2.0,2.0,37407268.89,554358.89,3.0,1.0,78.99,98.4,99.93,97.72,100.0,94.0,98.94,97.87,96.81,2.13,2.13
Charles_County,24017,MD,0.9,15.0,6214856.47,13427.69,0.11,0.0,12.0,12.0,12.0,12.0,1.0,1.0,5901948.74,13427.69,0.11,0.0,80.0,94.97,100.0,100.0,0.0,12.0,100.0,100.0,100.0,8.33,8.33
Charlotte_County,12015,FL,0.9,26.0,37947759.28,8396.11,0.0,1.0,24.0,24.0,23.0,23.0,8.0,7.0,37923910.71,8396.11,0.0,1.0,92.31,99.94,100.0,0.0,100.0,24.0,100.0,95.83,95.83,33.33,29.17
Chatham_County,13051,GA,0.9,37.0,25444454.8,874.34,2.0,0.0,28.0,25.0,27.0,25.0,4.0,4.0,25164455.22,874.34,2.0,0.0,75.68,98.9,100.0,100.0,0.0,28.0,89.29,96.43,89.29,14.29,14.29
Chesapeake_city,51550,VA,0.9,21.0,24211129.18,848389.12,0.0,0.0,21.0,18.0,16.0,16.0,5.0,5.0,24211129.18,848389.12,0.0,0.0,100.0,100.0,100.0,0.0,0.0,21.0,85.71,76.19,76.19,23.81,23.81
Chowan_County,37041,NC,0.9,8.0,666648.21,200897.27,0.0,0.14,8.0,7.0,6.0,7.0,3.0,3.0,666648.21,200897.27,0.0,0.14,100.0,100.0,100.0,0.0,100.0,8.0,87.5,75.0,87.5,37.5,37.5
Citrus_County,12017,FL,0.9,29.0,225349018.42,0.0,0.0,0.57,25.0,22.0,24.0,22.0,7.0,5.0,225242008.42,0.0,0.0,0.57,86.21,99.95,0.0,0.0,100.0,25.0,88.0,96.0,88.0,28.0,20.0
Colleton_County,45029,SC,0.9,28.0,18802203.98,542839.68,0.07,0.0,23.0,22.0,22.0,22.0,3.0,3.0,18751588.67,542437.34,0.0,0.0,82.14,99.73,99.93,0.0,0.0,23.0,95.65,95.65,95.65,13.04,13.04
Collier_County,12021,FL,0.9,17.0,15396110.24,62926478.87,0.0,0.0,17.0,16.0,17.0,17.0,5.0,5.0,15396110.24,62926478.87,0.0,0.0,100.0,100.0,100.0,0.0,0.0,17.0,94.12,100.0,100.0,29.41,29.41
Craven_County,37049,NC,0.9,15.0,29006872.03,795733.44,0.0,1.14,14.0,13.0,14.0,11.0,1.0,1.0,29005664.06,795733.44,0.0,0.14,93.33,100.0,100.0,0.0,12.28,14.0,92.86,100.0,78.57,7.14,7.14
Cumberland_County,23005,ME,0.9,107.0,76362989.66,16167.93,0.0,1.0,99.0,85.0,76.0,79.0,34.0,35.0,76134141.43,16167.93,0.0,1.0,92.52,99.7,100.0,0.0,100.0,99.0,85.86,76.77,79.8,34.34,35.35
Cumberland_County,34011,NJ,0.9,10.0,72741988.84,0.0,2.0,0.0,9.0,9.0,9.0,8.0,1.0,1.0,72740943.86,0.0,2.0,0.0,90.0,100.0,0.0,100.0,0.0,9.0,100.0,100.0,88.89,11.11,11.11
Currituck_County,37053,NC,0.9,16.0,19079543.32,200897.27,0.0,0.14,15.0,14.0,14.0,14.0,10.0,10.0,12705332.51,200897.27,0.0,0.14,93.75,66.59,100.0,0.0,100.0,15.0,93.33,93.33,93.33,66.67,66.67
Dare_County,37055,NC,0.9,30.0,123039725.35,200897.27,0.0,0.14,29.0,20.0,17.0,18.0,23.0,23.0,116665514.54,200897.27,0.0,0.14,96.67,94.82,100.0,0.0,100.0,29.0,68.97,58.62,62.07,79.31,79.31
Delaware_County,42045,PA,0.9,31.0,62890739.7,62923.58,17.62,1.0,30.0,29.0,30.0,26.0,2.0,2.0,62612625.63,62923.58,17.62,1.0,96.77,99.56,100.0,100.0,100.0,30.0,96.67,100.0,86.67,6.67,6.67
Dixie_County,12029,FL,0.9,14.0,86093450.83,0.0,0.0,0.0,13.0,13.0,11.0,12.0,7.0,7.0,85656666.23,0.0,0.0,0.0,92.86,99.49,0.0,0.0,0.0,13.0,100.0,84.62,92.31,53.85,53.85
Dorchester_County,24019,MD,0.9,14.0,13521396.69,9914.1,0.11,0.0,13.0,11.0,10.0,12.0,7.0,7.0,13497612.32,9914.1,0.11,0.0,92.86,99.82,100.0,100.0,0.0,13.0,84.62,76.92,92.31,53.85,53.85
Duval_County,12031,FL,0.9,46.0,5919178.77,2304.22,0.0,2.0,42.0,42.0,38.0,38.0,4.0,3.0,5899297.62,2304.22,0.0,2.0,91.3,99.66,100.0,0.0,100.0,42.0,100.0,90.48,90.48,9.52,7.14
Escambia_County,12033,FL,0.9,28.0,175713300.87,728616.97,0.0,1.0,28.0,24.0,25.0,24.0,8.0,8.0,175713300.87,728616.97,0.0,1.0,100.0,100.0,100.0,0.0,100.0,28.0,85.71,89.29,85.71,28.57,28.57
Essex_County,25009,MA,0.9,78.0,79334675.69,347363.84,3.07,3.0,69.0,67.0,61.0,50.0,23.0,21.0,78580324.92,347363.84,3.07,3.0,88.46,99.05,100.0,100.0,100.0,69.0,97.1,88.41,72.46,33.33,30.43
Essex_County,34013,NJ,0.9,11.0,36949764.23,0.0,0.0,2.23,11.0,9.0,9.0,8.0,3.0,3.0,36949764.23,0.0,0.0,2.23,100.0,100.0,0.0,0.0,100.0,11.0,81.82,81.82,72.73,27.27,27.27
Essex_County,51057,VA,0.9,11.0,4949017.3,31110.98,0.41,0.12,11.0,11.0,10.0,11.0,5.0,5.0,4949017.3,31110.98,0.41,0.12,100.0,100.0,100.0,100.0,100.0,11.0,100.0,90.91,100.0,45.45,45.45
Fairfax_County,51059,VA,0.9,32.0,21267052.68,1892489.08,1.0,4.0,28.0,28.0,26.0,24.0,1.0,1.0,21212447.31,1892489.08,1.0,4.0,87.5,99.74,100.0,100.0,100.0,28.0,100.0,92.86,85.71,3.57,3.57
Fairfield_County,9001,CT,0.9,21.0,67751037.64,1726763.89,0.5,2.0,20.0,19.0,18.0,19.0,5.0,4.0,65251259.68,1726763.89,0.5,2.0,95.24,96.31,100.0,100.0,100.0,20.0,95.0,90.0,95.0,25.0,20.0
Flagler_County,12035,FL,0.9,19.0,5882763.58,0.0,0.0,0.0,14.0,13.0,13.0,12.0,3.0,3.0,5875215.58,0.0,0.0,0.0,73.68,99.87,0.0,0.0,0.0,14.0,92.86,92.86,85.71,21.43,21.43
Franklin_County,12037,FL,0.9,19.0,220552735.31,728616.97,0.0,0.0,19.0,16.0,18.0,16.0,14.0,14.0,220552735.31,728616.97,0.0,0.0,100.0,100.0,100.0,0.0,0.0,19.0,84.21,94.74,84.21,73.68,73.68
Galveston_County,48167,TX,0.9,85.0,15225672325.57,17318.27,0.0,16.0,82.0,78.0,72.0,70.0,13.0,14.0,15225454235.88,17318.27,0.0,16.0,96.47,100.0,100.0,0.0,100.0,82.0,95.12,87.8,85.37,15.85,17.07
Gates_County,37073,NC,0.9,9.0,873975.31,9378637.01,0.0,1.14,8.0,8.0,8.0,8.0,1.0,1.0,867187.26,9378637.01,0.0,1.14,88.89,99.22,100.0,0.0,100.0,8.0,100.0,100.0,100.0,12.5,12.5
Georgetown_County,45043,SC,0.9,47.0,5775534.96,498538.59,1.07,2.0,39.0,39.0,35.0,36.0,6.0,6.0,5652462.69,498169.61,1.0,2.0,82.98,97.87,99.93,93.46,100.0,39.0,100.0,89.74,92.31,15.38,15.38
Gloucester_County,34015,NJ,0.9,22.0,28080731.09,488686.33,0.0,1.0,17.0,17.0,17.0,15.0,1.0,1.0,27928930.84,20899.55,0.0,1.0,77.27,99.46,4.28,0.0,100.0,17.0,100.0,100.0,88.24,5.88,5.88
Gloucester_County,51073,VA,0.9,16.0,25480547.59,1693126.66,0.41,0.12,16.0,16.0,15.0,15.0,11.0,11.0,25480547.59,1693126.66,0.41,0.12,100.0,100.0,100.0,100.0,100.0,16.0,100.0,93.75,93.75,68.75,68.75
Glynn_County,13127,GA,0.9,8.0,4959171.64,4300880.56,0.0,0.0,7.0,7.0,7.0,7.0,0.0,0.0,4869498.81,4300880.56,0.0,0.0,87.5,98.19,100.0,0.0,0.0,7.0,100.0,100.0,100.0,0.0,0.0
Gulf_County,12045,FL,0.9,18.0,169452322.52,728616.97,0.0,1.0,18.0,16.0,15.0,16.0,14.0,14.0,169452322.52,728616.97,0.0,1.0,100.0,100.0,100.0,0.0,100.0,18.0,88.89,83.33,88.89,77.78,77.78
Hampton_city,51650,VA,0.9,19.0,14706736.76,0.0,0.41,0.12,19.0,19.0,17.0,17.0,18.0,15.0,14706736.76,0.0,0.41,0.12,100.0,100.0,0.0,100.0,100.0,19.0,100.0,89.47,89.47,94.74,78.95
Hancock_County,23009,ME,0.9,16.0,102088042.48,15208.58,0.0,0.0,14.0,14.0,13.0,14.0,2.0,2.0,94409852.19,7604.29,0.0,0.0,87.5,92.48,50.0,0.0,0.0,14.0,100.0,92.86,100.0,14.29,14.29
Hancock_County,28045,MS,0.9,24.0,4525520184.86,17702190.66,0.0,0.0,23.0,22.0,22.0,22.0,4.0,5.0,4525358717.89,17702190.66,0.0,0.0,95.83,100.0,100.0,0.0,0.0,23.0,95.65,95.65,95.65,17.39,21.74
Harford_County,24025,MD,0.9,26.0,7322993.48,134.28,15.13,2.0,20.0,18.0,19.0,18.0,2.0,2.0,5722245.03,134.28,15.0,2.0,76.92,78.14,100.0,99.14,100.0,20.0,90.0,95.0,90.0,10.0,10.0
Harrison_County,28047,MS,0.9,43.0,7516372838.51,17702190.66,0.0,2.0,42.0,41.0,35.0,40.0,11.0,12.0,7516371964.17,17702190.66,0.0,2.0,97.67,100.0,100.0,0.0,100.0,42.0,97.62,83.33,95.24,26.19,28.57
Harris_County,48201,TX,0.9,155.0,14170461884.27,155354.71,4.0,70.25,142.0,140.0,137.0,125.0,7.0,6.0,14166949667.21,155354.71,4.0,70.25,91.61,99.98,100.0,100.0,100.0,142.0,98.59,96.48,88.03,4.93,4.23
Hernando_County,12053,FL,0.9,29.0,29155082.57,397476.2,0.0,1.57,26.0,23.0,23.0,24.0,6.0,5.0,29106149.89,397476.2,0.0,1.57,89.66,99.83,100.0,0.0,100.0,26.0,88.46,88.46,92.31,23.08,19.23
Hertford_County,37091,NC,0.9,9.0,11384418.36,19645261.13,0.0,0.14,8.0,8.0,8.0,8.0,2.0,2.0,11377630.31,19645261.13,0.0,0.14,88.89,99.94,100.0,0.0,100.0,8.0,100.0,100.0,100.0,25.0,25.0
Hillsborough_County,12057,FL,0.9,58.0,38040170.15,645165.36,2.0,1.57,52.0,50.0,52.0,50.0,5.0,5.0,37768752.58,645165.36,2.0,1.57,89.66,99.29,100.0,100.0,100.0,52.0,96.15,100.0,96.15,9.62,9.62
Hopewell_city,51670,VA,0.9,4.0,12424.01,0.0,0.0,0.0,4.0,4.0,3.0,4.0,0.0,0.0,12424.01,0.0,0.0,0.0,100.0,100.0,0.0,0.0,0.0,4.0,100.0,75.0,100.0,0.0,0.0
Horry_County,45051,SC,0.9,73.0,37516594.64,585911.59,0.07,4.0,65.0,63.0,61.0,63.0,10.0,10.0,34343539.18,585569.72,0.07,4.0,89.04,91.54,99.94,100.0,100.0,65.0,96.92,93.85,96.92,15.38,15.38
Hudson_County,34017,NJ,0.9,9.0,10162067.14,0.0,0.0,1.23,9.0,7.0,7.0,7.0,3.0,3.0,10162067.14,0.0,0.0,1.23,100.0,100.0,0.0,0.0,100.0,9.0,77.78,77.78,77.78,33.33,33.33
Hyde_County,37095,NC,0.9,13.0,97374250.81,201495.08,0.0,0.14,13.0,12.0,11.0,12.0,6.0,6.0,97374250.81,201495.08,0.0,0.14,100.0,100.0,100.0,0.0,100.0,13.0,92.31,84.62,92.31,46.15,46.15
Iberia_Parish,22045,LA,0.9,34.0,267739046.86,265430.52,3.13,0.36,25.0,25.0,23.0,23.0,3.0,2.0,267477200.63,265430.52,3.13,0.36,73.53,99.9,100.0,100.0,100.0,25.0,100.0,92.0,92.0,12.0,8.0
Indian_River_County,12061,FL,0.9,10.0,26911192.09,6018366.71,0.0,0.0,9.0,8.0,8.0,8.0,1.0,1.0,26839164.72,6018366.71,0.0,0.0,90.0,99.73,100.0,0.0,0.0,9.0,88.89,88.89,88.89,11.11,11.11
Isle_of_Wight_County,51093,VA,0.9,12.0,5447844.56,1693568.68,0.0,0.0,12.0,10.0,9.0,9.0,6.0,6.0,5447844.56,1693568.68,0.0,0.0,100.0,100.0,100.0,0.0,0.0,12.0,83.33,75.0,75.0,50.0,50.0
Jackson_County,28059,MS,0.9,33.0,3029443953.46,17702190.66,0.0,0.0,32.0,31.0,30.0,29.0,11.0,11.0,3029432130.72,17702190.66,0.0,0.0,96.97,100.0,100.0,0.0,0.0,32.0,96.88,93.75,90.62,34.38,34.38
James_City_County,51095,VA,0.9,13.0,3235630.4,514195.4,1.41,0.12,13.0,13.0,11.0,12.0,2.0,2.0,3235630.4,514195.4,1.41,0.12,100.0,100.0,100.0,100.0,100.0,13.0,100.0,84.62,92.31,15.38,15.38
Jasper_County,45053,SC,0.9,18.0,11742973.23,532347.6,0.07,0.0,14.0,14.0,13.0,13.0,1.0,1.0,11713143.48,531945.26,0.0,0.0,77.78,99.75,99.92,0.0,0.0,14.0,100.0,92.86,92.86,7.14,7.14
Jefferson_County,12065,FL,0.9,9.0,34745974.73,0.0,0.0,0.0,9.0,9.0,7.0,9.0,1.0,1.0,34745974.73,0.0,0.0,0.0,100.0,100.0,0.0,0.0,0.0,9.0,100.0,77.78,100.0,11.11,11.11
Jefferson_Parish,22051,LA,0.9,52.0,557642887.76,209807.71,3.13,4.41,49.0,45.0,47.0,40.0,23.0,23.0,557486287.84,209807.71,3.13,4.41,94.23,99.97,100.0,100.0,100.0,49.0,91.84,95.92,81.63,46.94,46.94
Jefferson_County,48245,TX,0.9,83.0,3766905432.98,1579500.38,1.0,10.0,77.0,73.0,69.0,66.0,14.0,14.0,3765246273.57,1579500.38,1.0,10.0,92.77,99.96,100.0,100.0,100.0,77.0,94.81,89.61,85.71,18.18,18.18
Kenedy_County,48261,TX,0.9,9.0,8295623.8,6928.53,0.0,0.0,6.0,5.0,6.0,5.0,4.0,4.0,7254086.19,6928.53,0.0,0.0,66.67,87.44,100.0,0.0,0.0,6.0,83.33,100.0,83.33,66.67,66.67
Kent_County,10001,DE,0.9,15.0,10105058.04,0.0,2.5,0.0,10.0,9.0,9.0,9.0,7.0,7.0,3733359.21,0.0,2.5,0.0,66.67,36.95,0.0,100.0,0.0,10.0,90.0,90.0,90.0,70.0,70.0
Kent_County,24029,MD,0.9,12.0,17100706.85,134.28,0.0,0.0,11.0,11.0,8.0,11.0,3.0,3.0,17087279.16,0.0,0.0,0.0,91.67,99.92,0.0,0.0,0.0,11.0,100.0,72.73,100.0,27.27,27.27
Kent_County,44003,RI,0.9,28.0,33447655.92,0.0,0.0,0.0,22.0,22.0,21.0,19.0,7.0,7.0,33107692.35,0.0,0.0,0.0,78.57,98.98,0.0,0.0,0.0,22.0,100.0,95.45,86.36,31.82,31.82
King_George_County,51099,VA,0.9,9.0,1232434.17,0.0,0.41,0.12,8.0,8.0,7.0,7.0,2.0,2.0,1231076.26,0.0,0.41,0.12,88.89,99.89,0.0,100.0,100.0,8.0,100.0,87.5,87.5,25.0,25.0
Kings_County,36047,NY,0.9,7.0,22905013.71,5938.73,7.67,5.36,7.0,5.0,6.0,6.0,6.0,6.0,22905013.71,5938.73,7.67,5.36,100.0,100.0,100.0,100.0,100.0,7.0,71.43,85.71,85.71,85.71,85.71
Kleberg_County,48273,TX,0.9,16.0,24651462.99,1579467.86,0.0,0.0,14.0,13.0,12.0,12.0,7.0,5.0,24343533.73,1579467.86,0.0,0.0,87.5,98.75,100.0,0.0,0.0,14.0,92.86,85.71,85.71,50.0,35.71
Knox_County,23013,ME,0.9,44.0,111192097.32,16167.93,2.0,0.0,39.0,39.0,37.0,38.0,13.0,14.0,110907040.3,16167.93,2.0,0.0,88.64,99.74,100.0,100.0,0.0,39.0,100.0,94.87,97.44,33.33,35.9
Lafourche_Parish,22057,LA,0.9,39.0,424924984.67,209807.71,3.13,1.41,34.0,33.0,33.0,31.0,6.0,6.0,421994670.58,0.0,0.0,1.33,87.18,99.31,0.0,0.0,94.33,34.0,97.06,97.06,91.18,17.65,17.65
Lancaster_County,51103,VA,0.9,16.0,27396801.0,0.0,0.41,0.12,16.0,15.0,14.0,16.0,8.0,8.0,27396801.0,0.0,0.41,0.12,100.0,100.0,0.0,100.0,100.0,16.0,93.75,87.5,100.0,50.0,50.0
Lee_County,12071,FL,0.9,37.0,542666129.61,8396.11,0.0,0.0,34.0,34.0,33.0,32.0,7.0,7.0,542551133.88,8396.11,0.0,0.0,91.89,99.98,100.0,0.0,0.0,34.0,100.0,97.06,94.12,20.59,20.59
Levy_County,12075,FL,0.9,15.0,6053452.43,0.0,0.0,0.0,15.0,15.0,12.0,13.0,11.0,10.0,6053452.43,0.0,0.0,0.0,100.0,100.0,0.0,0.0,0.0,15.0,100.0,80.0,86.67,73.33,66.67
Liberty_County,13179,GA,0.9,5.0,3127090.0,4371.7,0.0,0.0,3.0,3.0,3.0,3.0,0.0,0.0,3084961.43,4371.7,0.0,0.0,60.0,98.65,100.0,0.0,0.0,3.0,100.0,100.0,100.0,0.0,0.0
Lincoln_County,23015,ME,0.9,38.0,113328994.45,16167.93,0.0,0.0,37.0,35.0,35.0,35.0,12.0,12.0,113255102.32,16167.93,0.0,0.0,97.37,99.93,100.0,0.0,0.0,37.0,94.59,94.59,94.59,32.43,32.43
Manatee_County,12081,FL,0.9,49.0,42495632.55,2775746.76,0.0,3.57,45.0,44.0,44.0,43.0,12.0,11.0,36225235.15,2775746.76,0.0,3.57,91.84,85.24,100.0,0.0,100.0,45.0,97.78,97.78,95.56,26.67,24.44
Martin_County,12085,FL,0.9,10.0,16743523.06,15304398.51,0.0,0.0,9.0,9.0,9.0,7.0,1.0,1.0,16502689.45,15304398.51,0.0,0.0,90.0,98.56,100.0,0.0,0.0,9.0,100.0,100.0,77.78,11.11,11.11
Matagorda_County,48321,TX,0.9,35.0,14413914.7,191403.21,0.0,0.25,33.0,31.0,28.0,30.0,6.0,5.0,14229078.47,61305.58,0.0,0.25,94.29,98.72,32.03,0.0,100.0,33.0,93.94,84.85,90.91,18.18,15.15
Mathews_County,51115,VA,0.9,17.0,33497543.63,0.0,0.41,0.12,17.0,17.0,15.0,16.0,16.0,16.0,33497543.63,0.0,0.41,0.12,100.0,100.0,0.0,100.0,100.0,17.0,100.0,88.24,94.12,94.12,94.12
McIntosh_County,13191,GA,0.9,3.0,1060861.84,0.0,0.0,0.0,2.0,2.0,2.0,2.0,2.0,2.0,1030662.56,0.0,0.0,0.0,66.67,97.15,0.0,0.0,0.0,2.0,100.0,100.0,100.0,100.0,100.0
Miami-Dade_County,12086,FL,0.9,30.0,820930230.86,1084254104.88,0.0,0.0,25.0,25.0,21.0,18.0,2.0,2.0,820895810.9,1084254104.88,0.0,0.0,83.33,100.0,100.0,0.0,0.0,25.0,100.0,84.0,72.0,8.0,8.0
Middlesex_County,9007,CT,0.9,20.0,50105307.0,1819121.15,0.5,2.0,18.0,17.0,17.0,17.0,3.0,3.0,49814785.22,1819121.15,0.5,2.0,90.0,99.42,100.0,100.0,100.0,18.0,94.44,94.44,94.44,16.67,16.67
Middlesex_County,25017,MA,0.9,68.0,94206660.78,347363.84,0.07,1.0,48.0,48.0,46.0,40.0,5.0,5.0,80609596.01,347363.84,0.07,1.0,70.59,85.57,100.0,100.0,100.0,48.0,100.0,95.83,83.33,10.42,10.42
Middlesex_County,34023,NJ,0.9,21.0,689891120.03,20.78,73.0,1.0,18.0,16.0,15.0,15.0,5.0,5.0,676212176.68,20.78,73.0,1.0,85.71,98.02,100.0,100.0,100.0,18.0,88.89,83.33,83.33,27.78,27.78
Middlesex_County,51119,VA,0.9,13.0,18784053.8,0.0,0.41,0.12,13.0,13.0,12.0,12.0,9.0,9.0,18784053.8,0.0,0.41,0.12,100.0,100.0,0.0,100.0,100.0,13.0,100.0,92.31,92.31,69.23,69.23
Mobile_County,1097,AL,0.9,59.0,137896325.41,5675480.01,6.89,3.0,54.0,51.0,48.0,47.0,17.0,14.0,137790127.97,5675480.01,6.89,3.0,91.53,99.92,100.0,100.0,100.0,54.0,94.44,88.89,87.04,31.48,25.93
Monmouth_County,34025,NJ,0.9,28.0,11355666656.05,10.39,2.0,0.0,28.0,23.0,21.0,19.0,15.0,15.0,11355666656.05,10.39,2.0,0.0,100.0,100.0,100.0,100.0,0.0,28.0,82.14,75.0,67.86,53.57,53.57
Monroe_County,12087,FL,0.9,13.0,4373111.36,0.0,1.0,1.0,13.0,13.0,13.0,10.0,7.0,7.0,4373111.36,0.0,1.0,1.0,100.0,100.0,0.0,100.0,100.0,13.0,100.0,100.0,76.92,53.85,53.85
Nassau_County,12089,FL,0.9,13.0,3297275.34,0.0,0.0,0.0,11.0,11.0,11.0,10.0,0.0,0.0,3281068.94,0.0,0.0,0.0,84.62,99.51,0.0,0.0,0.0,11.0,100.0,100.0,90.91,0.0,0.0
Nassau_County,36059,NY,0.9,17.0,50999633.27,5938.73,7.67,0.36,17.0,16.0,16.0,14.0,5.0,6.0,50999633.27,5938.73,7.67,0.36,100.0,100.0,100.0,100.0,100.0,17.0,94.12,94.12,82.35,29.41,35.29
New_Castle_County,10003,DE,0.9,22.0,38807328.0,109.53,9.0,7.0,21.0,20.0,18.0,19.0,2.0,2.0,38806187.36,109.53,9.0,7.0,95.45,100.0,100.0,100.0,100.0,21.0,95.24,85.71,90.48,9.52,9.52
New_Hanover_County,37129,NC,0.9,52.0,8929659.98,201495.08,2.0,0.14,47.0,46.0,45.0,45.0,3.0,2.0,8911757.68,201495.08,0.0,0.14,90.38,99.8,100.0,0.0,100.0,47.0,97.87,95.74,95.74,6.38,4.26
New_Haven_County,9009,CT,0.9,24.0,63182136.63,1819121.15,0.5,2.0,21.0,20.0,20.0,20.0,4.0,4.0,61305328.32,1819121.15,0.5,2.0,87.5,97.03,100.0,100.0,100.0,21.0,95.24,95.24,95.24,19.05,19.05
New_Kent_County,51127,VA,0.9,8.0,2351400.06,0.0,0.41,0.12,8.0,8.0,7.0,7.0,1.0,1.0,2351400.06,0.0,0.41,0.12,100.0,100.0,0.0,100.0,100.0,8.0,100.0,87.5,87.5,12.5,12.5
New_London_County,9011,CT,0.9,23.0,54386056.44,1726763.89,0.0,2.0,23.0,22.0,20.0,22.0,4.0,4.0,54386056.44,1726763.89,0.0,2.0,100.0,100.0,100.0,0.0,100.0,23.0,95.65,86.96,95.65,17.39,17.39
New_York_County,36061,NY,0.9,8.0,24226387.74,5938.73,7.67,3.36,8.0,5.0,7.0,7.0,7.0,7.0,24226387.74,5938.73,7.67,3.36,100.0,100.0,100.0,100.0,100.0,8.0,62.5,87.5,87.5,87.5,87.5
Newport_News_city,51700,VA,0.9,13.0,22905661.39,0.0,0.0,0.0,13.0,12.0,11.0,13.0,4.0,4.0,22905661.39,0.0,0.0,0.0,100.0,100.0,0.0,0.0,0.0,13.0,92.31,84.62,100.0,30.77,30.77
Newport_County,44005,RI,0.9,21.0,8105040.28,0.0,0.0,0.0,19.0,19.0,17.0,18.0,7.0,7.0,8094778.66,0.0,0.0,0.0,90.48,99.87,0.0,0.0,0.0,19.0,100.0,89.47,94.74,36.84,36.84
Norfolk_County,25021,MA,0.9,79.0,68881922.04,347363.84,0.07,0.0,64.0,59.0,51.0,45.0,29.0,29.0,68466520.82,347363.84,0.07,0.0,81.01,99.4,100.0,100.0,0.0,64.0,92.19,79.69,70.31,45.31,45.31
Norfolk_city,51710,VA,0.9,27.0,43693809.05,0.0,0.0,0.0,24.0,21.0,19.0,18.0,11.0,13.0,43663192.42,0.0,0.0,0.0,88.89,99.93,0.0,0.0,0.0,24.0,87.5,79.17,75.0,45.83,54.17
Northampton_County,51131,VA,0.9,20.0,26738901.56,1044977.75,0.0,0.0,17.0,17.0,15.0,14.0,16.0,15.0,26608066.37,1044977.75,0.0,0.0,85.0,99.51,100.0,0.0,0.0,17.0,100.0,88.24,82.35,94.12,88.24
Northumberland_County,51133,VA,0.9,16.0,55746046.0,0.0,0.41,0.12,16.0,15.0,12.0,16.0,7.0,7.0,55746046.0,0.0,0.41,0.12,100.0,100.0,0.0,100.0,100.0,16.0,93.75,75.0,100.0,43.75,43.75
Nueces_County,48355,TX,0.9,54.0,508956488.21,17651443.04,6.0,5.5,49.0,47.0,45.0,43.0,8.0,8.0,508235501.9,17651443.04,6.0,5.5,90.74,99.86,100.0,100.0,100.0,49.0,95.92,91.84,87.76,16.33,16.33
Ocean_County,34029,NJ,0.9,36.0,11507584927.53,1070.88,16.67,4.0,31.0,30.0,24.0,24.0,19.0,20.0,11501710193.14,10.39,16.67,4.0,86.11,99.95,0.97,100.0,100.0,31.0,96.77,77.42,77.42,61.29,64.52
Okaloosa_County,12091,FL,0.9,29.0,11986309.0,745621.86,0.0,1.0,28.0,24.0,23.0,22.0,9.0,8.0,11979949.38,745621.86,0.0,1.0,96.55,99.95,100.0,0.0,100.0,28.0,85.71,82.14,78.57,32.14,28.57
Onslow_County,37133,NC,0.9,14.0,21632763.35,7332355.45,0.0,0.14,13.0,12.0,9.0,13.0,1.0,2.0,21625975.3,7332355.45,0.0,0.14,92.86,99.97,100.0,0.0,100.0,13.0,92.31,69.23,100.0,7.69,15.38
Orleans_Parish,22071,LA,0.9,35.0,23858195787.36,209807.71,3.13,7.41,33.0,30.0,32.0,28.0,15.0,15.0,23858107783.12,209807.71,3.13,7.41,94.29,100.0,100.0,100.0,100.0,33.0,90.91,96.97,84.85,45.45,45.45
Palm_Beach_County,12099,FL,0.9,23.0,140490867.32,126618022.93,5.0,2.0,17.0,14.0,15.0,13.0,2.0,2.0,137122646.92,126618022.93,5.0,2.0,73.91,97.6,100.0,100.0,100.0,17.0,82.35,88.24,76.47,11.76,11.76
Pamlico_County,37137,NC,0.9,10.0,115373107.86,201495.08,0.0,0.14,9.0,8.0,9.0,9.0,1.0,1.0,115366319.81,201495.08,0.0,0.14,90.0,99.99,100.0,0.0,100.0,9.0,88.89,100.0,100.0,11.11,11.11
Pasco_County,12101,FL,0.9,54.0,133908014.06,974721.42,0.0,2.57,46.0,45.0,46.0,44.0,4.0,4.0,133218335.53,974721.42,0.0,2.57,85.19,99.48,100.0,0.0,100.0,46.0,97.83,100.0,95.65,8.7,8.7
Pasquotank_County,37139,NC,0.9,9.0,406608.95,200897.27,0.0,0.14,7.0,6.0,6.0,6.0,3.0,3.0,391076.83,200897.27,0.0,0.14,77.78,96.18,100.0,0.0,100.0,7.0,85.71,85.71,85.71,42.86,42.86
Pender_County,37141,NC,0.9,32.0,8810424.35,312988.31,0.0,1.14,28.0,27.0,28.0,28.0,1.0,1.0,8734171.6,312988.31,0.0,1.14,87.5,99.13,100.0,0.0,100.0,28.0,96.43,100.0,100.0,3.57,3.57
Perquimans_County,37143,NC,0.9,7.0,338052.51,200897.27,0.0,0.14,7.0,6.0,6.0,6.0,3.0,3.0,338052.51,200897.27,0.0,0.14,100.0,100.0,100.0,0.0,100.0,7.0,85.71,85.71,85.71,42.86,42.86
Philadelphia_County,42101,PA,0.9,38.0,54499245.99,62933.97,2.62,5.0,34.0,33.0,34.0,28.0,3.0,3.0,28928264.95,62933.97,1.62,5.0,89.47,53.08,100.0,61.83,100.0,34.0,97.06,100.0,82.35,8.82,8.82
Pinellas_County,12103,FL,0.9,42.0,26785898.68,8396.11,2.0,0.57,35.0,33.0,33.0,30.0,10.0,9.0,26623817.29,8396.11,1.0,0.57,83.33,99.39,100.0,50.0,100.0,35.0,94.29,94.29,85.71,28.57,25.71
Plaquemines_Parish,22075,LA,0.9,23.0,5432090159.83,209807.71,3.13,2.41,23.0,20.0,21.0,21.0,9.0,8.0,5432090159.83,209807.71,3.13,2.41,100.0,100.0,100.0,100.0,100.0,23.0,86.96,91.3,91.3,39.13,34.78
Plymouth_County,25023,MA,0.9,77.0,65360878.78,220625.53,3.07,0.0,69.0,65.0,58.0,54.0,33.0,34.0,65243755.99,220625.53,3.07,0.0,89.61,99.82,100.0,100.0,0.0,69.0,94.2,84.06,78.26,47.83,49.28
Poquoson_city,51735,VA,0.9,21.0,11111026.58,0.0,0.0,0.0,21.0,21.0,20.0,20.0,21.0,21.0,11111026.58,0.0,0.0,0.0,100.0,100.0,0.0,0.0,0.0,21.0,100.0,95.24,95.24,100.0,100.0
Portsmouth_city,51740,VA,0.9,23.0,14791248.63,0.0,0.0,0.0,22.0,20.0,17.0,16.0,21.0,19.0,14786291.58,0.0,0.0,0.0,95.65,99.97,0.0,0.0,0.0,22.0,90.91,77.27,72.73,95.45,86.36
Prince_Georges_County,24033,MD,0.9,26.0,9194028.04,134.28,4.0,0.0,20.0,20.0,20.0,17.0,2.0,2.0,9072329.68,134.28,4.0,0.0,76.92,98.68,100.0,100.0,0.0,20.0,100.0,100.0,85.0,10.0,10.0
Prince_George_County,51149,VA,0.9,7.0,2480302.01,1657091.9,0.0,0.0,7.0,7.0,5.0,7.0,1.0,1.0,2480302.01,1657091.9,0.0,0.0,100.0,100.0,100.0,0.0,0.0,7.0,100.0,71.43,100.0,14.29,14.29
Prince_William_County,51153,VA,0.9,25.0,1979628.29,82585.88,0.0,0.0,22.0,21.0,20.0,20.0,2.0,2.0,755691.77,82585.88,0.0,0.0,88.0,38.17,100.0,0.0,0.0,22.0,95.45,90.91,90.91,9.09,9.09
Providence_County,44007,RI,0.9,49.0,39970010.1,0.0,0.0,0.0,35.0,35.0,35.0,33.0,4.0,4.0,38126168.11,0.0,0.0,0.0,71.43,95.39,0.0,0.0,0.0,35.0,100.0,100.0,94.29,11.43,11.43
Queen_Annes_County,24035,MD,0.9,16.0,61966127.26,134.28,3.11,0.0,15.0,13.0,11.0,14.0,4.0,4.0,61952699.57,0.0,3.11,0.0,93.75,99.98,0.0,100.0,0.0,15.0,86.67,73.33,93.33,26.67,26.67
Queens_County,36081,NY,0.9,13.0,30985999.72,5938.73,28.67,12.36,11.0,10.0,10.0,9.0,3.0,4.0,30985999.72,5938.73,28.67,9.36,84.62,100.0,100.0,100.0,75.73,11.0,90.91,90.91,81.82,27.27,36.36
Refugio_County,48391,TX,0.9,14.0,5738724.07,1594846.73,1.0,0.0,12.0,11.0,7.0,9.0,5.0,4.0,5678511.6,1594846.73,1.0,0.0,85.71,98.95,100.0,100.0,0.0,12.0,91.67,58.33,75.0,41.67,33.33
Richmond_County,36085,NY,0.9,8.0,7631018.82,5938.73,3.53,24.36,7.0,6.0,6.0,6.0,6.0,7.0,7631018.82,5938.73,0.53,24.36,87.5,100.0,100.0,15.01,100.0,7.0,85.71,85.71,85.71,85.71,100.0
Richmond_County,51159,VA,0.9,10.0,4709985.99,311109.82,0.41,0.12,10.0,10.0,8.0,10.0,4.0,4.0,4709985.99,311109.82,0.41,0.12,100.0,100.0,100.0,100.0,100.0,10.0,100.0,80.0,100.0,40.0,40.0
Rockingham_County,33015,NH,0.9,84.0,35458000.34,12673.84,0.0,0.0,78.0,71.0,64.0,61.0,30.0,31.0,35260369.2,12673.84,0.0,0.0,92.86,99.44,100.0,0.0,0.0,78.0,91.03,82.05,78.21,38.46,39.74
Rockland_County,36087,NY,0.9,5.0,13937484.86,5938.73,1.85,1.05,5.0,5.0,5.0,4.0,0.0,0.0,13937484.86,5938.73,1.85,1.05,100.0,100.0,100.0,100.0,100.0,5.0,100.0,100.0,80.0,0.0,0.0
Sagadahoc_County,23023,ME,0.9,37.0,109876078.51,16167.93,0.0,0.0,36.0,35.0,30.0,33.0,14.0,14.0,109802186.38,16167.93,0.0,0.0,97.3,99.93,100.0,0.0,0.0,36.0,97.22,83.33,91.67,38.89,38.89
Salem_County,34033,NJ,0.9,14.0,46179422.22,789604.66,0.0,2.0,11.0,9.0,11.0,11.0,1.0,1.0,45566460.99,20899.55,0.0,2.0,78.57,98.67,2.65,0.0,100.0,11.0,81.82,100.0,100.0,9.09,9.09
San_Patricio_County,48409,TX,0.9,35.0,50628298.66,6562572.52,1.0,2.5,34.0,32.0,31.0,30.0,6.0,6.0,50354605.61,6562572.52,1.0,2.5,97.14,99.46,100.0,100.0,100.0,34.0,94.12,91.18,88.24,17.65,17.65
Santa_Rosa_County,12113,FL,0.9,32.0,27234617.08,728616.97,0.0,0.0,31.0,28.0,28.0,24.0,7.0,6.0,27204417.8,728616.97,0.0,0.0,96.88,99.89,100.0,0.0,0.0,31.0,90.32,90.32,77.42,22.58,19.35
Sarasota_County,12115,FL,0.9,46.0,40424843.56,8396.11,0.0,1.57,45.0,44.0,45.0,42.0,13.0,13.0,40424536.21,8396.11,0.0,1.57,97.83,100.0,100.0,0.0,100.0,45.0,97.78,100.0,93.33,28.89,28.89
Somerset_County,24039,MD,0.9,11.0,10424090.45,0.0,0.0,0.0,11.0,9.0,6.0,9.0,8.0,8.0,10424090.45,0.0,0.0,0.0,100.0,100.0,0.0,0.0,0.0,11.0,81.82,54.55,81.82,72.73,72.73
Somerset_County,34035,NJ,0.9,14.0,922451789.84,10.39,100.0,2.0,12.0,12.0,12.0,12.0,0.0,0.0,922385233.03,10.39,100.0,2.0,85.71,99.99,100.0,100.0,100.0,12.0,100.0,100.0,100.0,0.0,0.0
St__Bernard_Parish,22087,LA,0.9,31.0,8063404880.83,209807.71,3.13,0.41,29.0,26.0,27.0,26.0,10.0,10.0,8063388163.93,209807.71,3.13,0.41,93.55,100.0,100.0,100.0,100.0,29.0,89.66,93.1,89.66,34.48,34.48
St__Johns_County,12109,FL,0.9,21.0,5053835.89,42559955.65,0.0,0.0,20.0,20.0,20.0,20.0,1.0,1.0,5053528.54,42559955.65,0.0,0.0,95.24,99.99,100.0,0.0,0.0,20.0,100.0,100.0,100.0,5.0,5.0
St__Lucie_County,12111,FL,0.9,10.0,123655384.39,24073466.82,0.0,0.0,9.0,9.0,8.0,8.0,1.0,1.0,123633490.43,24073466.82,0.0,0.0,90.0,99.98,100.0,0.0,0.0,9.0,100.0,88.89,88.89,11.11,11.11
St__Marys_County,24037,MD,0.9,15.0,6816743.34,0.0,0.11,0.0,12.0,12.0,9.0,11.0,6.0,5.0,6532511.83,0.0,0.11,0.0,80.0,95.83,0.0,100.0,0.0,12.0,100.0,75.0,91.67,50.0,41.67
St__Mary_Parish,22101,LA,0.9,32.0,130499098.25,685495.08,3.13,0.11,25.0,25.0,22.0,24.0,3.0,3.0,130422034.64,685495.08,3.13,0.11,78.12,99.94,100.0,100.0,100.0,25.0,100.0,88.0,96.0,12.0,12.0
St__Tammany_Parish,22103,LA,0.9,44.0,4209422463.57,209807.71,4.13,1.41,41.0,37.0,39.0,38.0,9.0,9.0,4208811683.91,209807.71,4.13,1.41,93.18,99.99,100.0,100.0,100.0,41.0,90.24,95.12,92.68,21.95,21.95
Stafford_County,51179,VA,0.9,18.0,8649331.59,1849992.47,0.41,1.12,16.0,16.0,13.0,15.0,2.0,2.0,8647665.82,1849992.47,0.41,1.12,88.89,99.98,100.0,100.0,100.0,16.0,100.0,81.25,93.75,12.5,12.5
Strafford_County,33017,NH,0.9,21.0,9889052.29,12673.84,0.0,0.0,20.0,20.0,18.0,20.0,0.0,0.0,9770824.88,12673.84,0.0,0.0,95.24,98.8,100.0,0.0,0.0,20.0,100.0,90.0,100.0,0.0,0.0
Suffolk_County,25025,MA,0.9,52.0,69608269.5,347363.84,0.07,1.0,42.0,37.0,29.0,26.0,26.0,27.0,68836158.42,347363.84,0.07,1.0,80.77,98.89,100.0,100.0,100.0,42.0,88.1,69.05,61.9,61.9,64.29
Suffolk_County,36103,NY,0.9,21.0,136722905.57,5938.73,9.67,1.36,21.0,19.0,20.0,18.0,10.0,11.0,136722905.57,5938.73,9.67,1.36,100.0,100.0,100.0,100.0,100.0,21.0,90.48,95.24,85.71,47.62,52.38
Suffolk_city,51800,VA,0.9,20.0,3538062.77,0.0,0.0,1.0,20.0,17.0,13.0,15.0,9.0,9.0,3538062.77,0.0,0.0,1.0,100.0,100.0,0.0,0.0,100.0,20.0,85.0,65.0,75.0,45.0,45.0
Surry_County,51181,VA,0.9,12.0,3128170.48,964116.37,0.41,0.12,11.0,11.0,9.0,9.0,3.0,3.0,3127179.07,964116.37,0.41,0.12,91.67,99.97,100.0,100.0,100.0,11.0,100.0,81.82,81.82,27.27,27.27
Sussex_County,10005,DE,0.9,31.0,91443004.29,0.0,3.5,0.0,26.0,24.0,22.0,24.0,13.0,13.0,90091440.85,0.0,3.5,0.0,83.87,98.52,0.0,100.0,0.0,26.0,92.31,84.62,92.31,50.0,50.0
Talbot_County,24041,MD,0.9,12.0,11131034.61,0.0,0.11,0.0,11.0,10.0,9.0,11.0,4.0,4.0,11075411.8,0.0,0.11,0.0,91.67,99.5,0.0,100.0,0.0,11.0,90.91,81.82,100.0,36.36,36.36
Taylor_County,12123,FL,0.9,15.0,46675974.06,0.0,0.0,0.0,15.0,14.0,13.0,15.0,9.0,9.0,46675974.06,0.0,0.0,0.0,100.0,100.0,0.0,0.0,0.0,15.0,93.33,86.67,100.0,60.0,60.0
Terrebonne_Parish,22109,LA,0.9,33.0,411923239.2,400082.66,3.13,1.41,31.0,27.0,30.0,28.0,13.0,13.0,411144894.45,400082.66,3.13,0.41,93.94,99.81,100.0,100.0,29.08,31.0,87.1,96.77,90.32,41.94,41.94
Tyrrell_County,37177,NC,0.9,8.0,46210357.03,200897.27,0.0,0.14,8.0,7.0,7.0,7.0,3.0,3.0,46210357.03,200897.27,0.0,0.14,100.0,100.0,100.0,0.0,100.0,8.0,87.5,87.5,87.5,37.5,37.5
Union_County,34039,NJ,0.9,9.0,24502495.03,0.0,0.0,0.23,9.0,7.0,7.0,7.0,3.0,3.0,24502495.03,0.0,0.0,0.23,100.0,100.0,0.0,0.0,100.0,9.0,77.78,77.78,77.78,33.33,33.33
Vermilion_Parish,22113,LA,0.9,28.0,191008143.08,1782347.04,3.13,0.36,26.0,25.0,24.0,25.0,3.0,3.0,190689421.39,1782347.04,3.13,0.36,92.86,99.83,100.0,100.0,100.0,26.0,96.15,92.31,96.15,11.54,11.54
Virginia_Beach_city,51810,VA,0.9,26.0,35450141.36,0.0,0.0,0.0,23.0,20.0,20.0,18.0,12.0,12.0,35338323.76,0.0,0.0,0.0,88.46,99.68,0.0,0.0,0.0,23.0,86.96,86.96,78.26,52.17,52.17
Volusia_County,12127,FL,0.9,14.0,118985559.75,0.0,0.0,0.0,13.0,13.0,12.0,13.0,1.0,1.0,118985252.4,0.0,0.0,0.0,92.86,100.0,0.0,0.0,0.0,13.0,100.0,92.31,100.0,7.69,7.69
Wakulla_County,12129,FL,0.9,25.0,163970928.91,0.0,0.0,0.0,25.0,22.0,23.0,21.0,18.0,16.0,163970928.91,0.0,0.0,0.0,100.0,100.0,0.0,0.0,0.0,25.0,88.0,92.0,84.0,72.0,64.0
Waldo_County,23027,ME,0.9,62.0,112577095.6,16167.93,0.0,0.0,61.0,61.0,59.0,60.0,2.0,3.0,112503203.47,16167.93,0.0,0.0,98.39,99.93,100.0,0.0,0.0,61.0,100.0,96.72,98.36,3.28,4.92
Walton_County,12131,FL,0.9,31.0,87101719.62,728616.97,0.0,1.0,31.0,30.0,29.0,31.0,1.0,1.0,87101719.62,728616.97,0.0,1.0,100.0,100.0,100.0,0.0,100.0,31.0,96.77,93.55,100.0,3.23,3.23
Washington_County,23029,ME,0.9,8.0,17540994.2,15208.58,0.0,0.0,7.0,7.0,6.0,7.0,0.0,0.0,17467102.07,15208.58,0.0,0.0,87.5,99.58,100.0,0.0,0.0,7.0,100.0,85.71,100.0,0.0,0.0
Washington_County,37187,NC,0.9,9.0,2442060.08,1389374.0,0.0,5.14,9.0,8.0,8.0,8.0,1.0,1.0,2442060.08,1389374.0,0.0,5.14,100.0,100.0,100.0,0.0,100.0,9.0,88.89,88.89,88.89,11.11,11.11
Washington_County,44009,RI,0.9,33.0,39862127.68,0.0,0.0,0.0,30.0,30.0,22.0,27.0,12.0,12.0,39823605.08,0.0,0.0,0.0,90.91,99.9,0.0,0.0,0.0,30.0,100.0,73.33,90.0,40.0,40.0
Westchester_County,36119,NY,0.9,11.0,31356723.02,5938.73,10.99,2.36,11.0,9.0,9.0,9.0,3.0,3.0,31356723.02,5938.73,10.99,2.36,100.0,100.0,100.0,100.0,100.0,11.0,81.82,81.82,81.82,27.27,27.27
Westmoreland_County,51193,VA,0.9,9.0,12849279.22,85555.2,0.41,0.12,9.0,9.0,8.0,9.0,6.0,6.0,12849279.22,85555.2,0.41,0.12,100.0,100.0,100.0,100.0,100.0,9.0,100.0,88.89,100.0,66.67,66.67
Wicomico_County,24045,MD,0.9,11.0,4497322.02,0.0,3.5,0.0,11.0,9.0,6.0,8.0,5.0,5.0,4497322.02,0.0,3.5,0.0,100.0,100.0,0.0,100.0,0.0,11.0,81.82,54.55,72.73,45.45,45.45
Willacy_County,48489,TX,0.9,29.0,39024079.5,120743079.86,0.0,0.0,26.0,25.0,25.0,24.0,1.0,1.0,37982541.89,120743079.86,0.0,0.0,89.66,97.33,100.0,0.0,0.0,26.0,96.15,96.15,92.31,3.85,3.85
Williamsburg_city,51830,VA,0.9,12.0,1607823.49,0.0,0.0,0.0,12.0,11.0,11.0,12.0,11.0,11.0,1607823.49,0.0,0.0,0.0,100.0,100.0,0.0,0.0,0.0,12.0,91.67,91.67,100.0,91.67,91.67
Worcester_County,24047,MD,0.9,21.0,17805956.31,0.0,8.61,0.0,19.0,14.0,11.0,15.0,13.0,13.0,17796352.89,0.0,8.61,0.0,90.48,99.95,0.0,100.0,0.0,19.0,73.68,57.89,78.95,68.42,68.42
York_County,23031,ME,0.9,94.0,116151874.8,16167.93,0.0,2.0,89.0,78.0,74.0,67.0,31.0,32.0,116059870.61,16167.93,0.0,2.0,94.68,99.92,100.0,0.0,100.0,89.0,87.64,83.15,75.28,34.83,35.96
York_County,51199,VA,0.9,21.0,24734768.03,0.0,0.41,0.12,21.0,20.0,20.0,21.0,5.0,5.0,24734768.03,0.0,0.41,0.12,100.0,100.0,0.0,100.0,100.0,21.0,95.24,95.24,100.0,23.81,23.81
